,mean_fit_time,std_fit_time,mean_score_time,std_score_time,param_alpha,params,split0_test_score,split1_test_score,split2_test_score,mean_test_score,std_test_score,rank_test_score
0,0.05641039212544759,0.003496571896054193,0.009141286214192709,0.0016244600076745937,0.1,{'alpha': 0.1},0.8155555555555556,0.8205555555555556,0.7983333333333333,0.8114814814814815,0.009518590574738086,3
1,0.05679488182067871,0.002320248094796934,0.00952291488647461,0.00212241610020611,0.4,{'alpha': 0.4},0.8216666666666667,0.8238888888888889,0.8047222222222222,0.8167592592592593,0.008559683147347823,1
2,0.06405862172444661,0.008115304031519192,0.00823680559794108,0.0016732775662289417,0.7,{'alpha': 0.7},0.8169444444444445,0.8244444444444444,0.8038888888888889,0.8150925925925926,0.00849332021886565,2
3,0.05878655115763346,0.0019968108917602576,0.01041722297668457,0.0010952308221105031,1,{'alpha': 1},0.8119444444444445,0.8183333333333334,0.7986111111111112,0.8096296296296296,0.008216255759807032,4
4,0.05399258931477865,0.002129373714383428,0.01021734873453776,0.0011466175258683254,1.3,{'alpha': 1.3},0.8066666666666666,0.8141666666666667,0.7977777777777778,0.8062037037037038,0.006698739721365159,5
5,0.056460301081339516,0.0019789563619010955,0.007875998814900717,0.0019086529954008696,1.5,{'alpha': 1.5},0.8055555555555556,0.8097222222222222,0.7975,0.8042592592592593,0.005073195382149169,6
