,mean_fit_time,std_fit_time,mean_score_time,std_score_time,param_n_neighbors,params,split0_test_score,split1_test_score,mean_test_score,std_test_score,rank_test_score
0,0.004764199256896973,0.0009475946426391602,1.9168519973754883,0.02027416229248047,4,{'n_neighbors': 4},0.6071052631578947,0.5992105263157895,0.6031578947368421,0.003947368421052588,8
1,0.0058051347732543945,0.0001252889633178711,1.89717698097229,0.04754638671875,8,{'n_neighbors': 8},0.6355263157894737,0.623421052631579,0.6294736842105264,0.006052631578947365,7
2,0.004738926887512207,0.0004907846450805664,1.891348958015442,0.1031872034072876,12,{'n_neighbors': 12},0.6492105263157895,0.6328947368421053,0.6410526315789473,0.008157894736842086,3
3,0.00528264045715332,0.0001556873321533203,1.853592038154602,0.008165717124938965,16,{'n_neighbors': 16},0.6571052631578947,0.6331578947368421,0.6451315789473684,0.011973684210526303,1
4,0.005487203598022461,0.0007910728454589844,1.899795651435852,0.02438485622406006,20,{'n_neighbors': 20},0.6531578947368422,0.6305263157894737,0.641842105263158,0.011315789473684223,2
5,0.006055712699890137,0.0008662939071655273,1.91383957862854,0.023272275924682617,24,{'n_neighbors': 24},0.6526315789473685,0.6286842105263157,0.6406578947368421,0.011973684210526359,4
6,0.006154537200927734,0.0012826919555664062,0.6934975385665894,0.005935311317443848,28,{'n_neighbors': 28},0.65,0.6305263157894737,0.6402631578947369,0.009736842105263155,5
7,0.0045021772384643555,1.1086463928222656e-05,0.6861075162887573,0.0116196870803833,32,{'n_neighbors': 32},0.6476315789473684,0.6313157894736842,0.6394736842105263,0.008157894736842142,6
