,mean_fit_time,std_fit_time,mean_score_time,std_score_time,param_alpha,params,split0_test_score,split1_test_score,split2_test_score,mean_test_score,std_test_score,rank_test_score
0,0.031200488408406574,0.0010842713651541386,0.008570432662963867,0.000670415663052978,0.1,{'alpha': 0.1},0.6791633780584057,0.6675878405053296,0.6746940386893012,0.6738150857510122,0.004766388298034737,1
1,0.04348421096801758,0.002989155273125427,0.008342742919921875,0.0013759448455478072,0.4,{'alpha': 0.4},0.6744277821625888,0.6628503750493486,0.6711409395973155,0.669473032269751,0.0048713807082067665,2
2,0.04509433110555013,0.004436722523121812,0.010048389434814453,0.002064581148581394,0.7,{'alpha': 0.7},0.6621941594317285,0.6450848795894196,0.6502171338333992,0.6524987242848491,0.007168733287535078,3
3,0.05005796750386556,0.005083983763726608,0.00723727544148763,0.002576875109237664,1,{'alpha': 1},0.6444356748224151,0.6265298065534939,0.6320568495854718,0.634340776987127,0.007486310746868302,4
4,0.043410857518514,0.001839928169167228,0.004825671513875325,0.0007813226827888297,1.3,{'alpha': 1.3},0.632991318074191,0.6119226213975523,0.6142913541255428,0.619735097865762,0.009423313442200442,5
5,0.03329022725423177,0.0014640922429222801,0.0030088424682617188,0.000334900007500072,1.5,{'alpha': 1.5},0.6231254932912391,0.6024476904855902,0.6048164232135808,0.6101298689968034,0.0092400365001357,6
