,mean_fit_time,std_fit_time,mean_score_time,std_score_time,param_n_neighbors,params,split0_test_score,split1_test_score,mean_test_score,std_test_score,rank_test_score
0,0.009160876274108887,0.00014126300811767578,4.633988380432129,0.2540609836578369,4,{'n_neighbors': 4},0.7096296296296296,0.7081481481481482,0.7088888888888889,0.0007407407407407085,8
1,0.008090376853942871,1.704692840576172e-05,4.630292654037476,0.004408597946166992,8,{'n_neighbors': 8},0.7692592592592593,0.7698148148148148,0.7695370370370371,0.0002777777777777657,7
2,0.008014202117919922,0.0004410743713378906,4.667385458946228,0.027658820152282715,12,{'n_neighbors': 12},0.7796296296296297,0.7894444444444444,0.784537037037037,0.00490740740740736,6
3,0.008057951927185059,0.00020492076873779297,4.775419473648071,0.0957798957824707,16,{'n_neighbors': 16},0.7903703703703704,0.7985185185185185,0.7944444444444445,0.004074074074074063,5
4,0.007586002349853516,0.00022125244140625,4.678443670272827,0.0969390869140625,20,{'n_neighbors': 20},0.7964814814814815,0.7992592592592592,0.7978703703703703,0.001388888888888884,4
5,0.007377505302429199,0.00031363964080810547,4.89463472366333,0.11206269264221191,24,{'n_neighbors': 24},0.7987037037037037,0.8003703703703704,0.799537037037037,0.0008333333333333526,3
6,0.014970660209655762,0.0006791353225708008,1.5407993793487549,0.0026845932006835938,28,{'n_neighbors': 28},0.8024074074074075,0.802037037037037,0.8022222222222222,0.00018518518518523264,1
7,0.008948683738708496,9.572505950927734e-05,1.5078096389770508,0.0076329708099365234,32,{'n_neighbors': 32},0.8031481481481482,0.7977777777777778,0.8004629629629629,0.0026851851851851793,2
